LotArea,NumBedrooms,NumBathrooms,SqftLiving,NumFloors,AgeOfHouse,Location,Condition,SalePrice
11028,1,3,2544,2,79,Rural,Average,466331.1428294673
8300,4,1,1281,1,21,Downtown,Poor,402542.02283694956
9457,4,2,2138,1,60,Rural,Good,489318.94038697664
11981,2,3,1619,1,29,Downtown,Poor,458979.2208387059
11235,2,1,1954,1,22,Suburb,Average,446928.8913974246
5545,5,1,2004,1,24,Downtown,Poor,475054.6576144091
9400,2,2,1845,2,67,Downtown,Good,532405.2850248617
7197,4,2,2569,2,9,Suburb,Average,540804.0634351275
7293,4,1,2889,1,38,Rural,Poor,538729.6455450129
8321,4,1,2056,2,64,Downtown,Average,496565.07164647843
7788,2,1,2435,2,79,Downtown,Poor,525504.6963394263
10408,3,3,2326,2,14,Suburb,Average,480208.2073720465
9022,1,2,1341,2,69,Suburb,Poor,302927.6384954917
7743,5,1,2472,2,81,Rural,Excellent,594899.4952208056
8387,3,2,2495,1,58,Suburb,Excellent,624996.3654058771
8167,1,3,2370,1,67,Downtown,Good,599077.6325341754
10488,2,1,2267,2,83,Downtown,Good,575511.9863160222
7089,5,2,1796,1,82,Rural,Good,418122.6430803331
8126,5,3,1209,2,49,Suburb,Good,395515.382979843
5791,2,1,1972,2,1,Rural,Good,427178.94962115685
2394,3,2,2166,1,7,Suburb,Poor,462139.28570547944
8807,1,1,2890,2,8,Downtown,Poor,615735.5112618936
9228,4,2,2434,2,31,Downtown,Excellent,688565.4367087126
6015,4,2,1849,2,14,Rural,Poor,327707.46933777916
12039,1,3,2361,1,78,Suburb,Poor,461978.90774735407
4591,4,3,2370,2,20,Downtown,Good,615420.769356497
7591,3,3,1707,2,18,Downtown,Good,583469.268069135
7125,2,3,2004,1,35,Suburb,Average,493057.90709505323
10565,4,3,2582,2,44,Rural,Average,502697.165698484
10438,2,2,2097,2,31,Rural,Excellent,556467.3743212712
7809,4,3,2851,2,65,Rural,Average,565367.3187858514
8256,4,2,2025,1,90,Rural,Good,483202.8734022874
5724,5,2,3296,1,24,Rural,Poor,589453.1489454793
3538,4,1,1408,2,38,Downtown,Excellent,531627.2430554857
6804,5,2,1950,1,41,Suburb,Excellent,593763.9839398189
7812,1,2,1881,2,95,Rural,Poor,325009.9645727802
9960,4,3,1847,2,56,Downtown,Excellent,617940.3261115617
9904,4,2,2317,2,75,Rural,Average,451018.3353445173
6725,4,3,3112,1,59,Rural,Excellent,689995.7502697557
6895,5,2,1258,1,35,Downtown,Good,452151.998982156
5402,4,2,1615,2,75,Rural,Good,407284.59827324754
4659,3,3,2405,2,47,Suburb,Average,502011.8016436647
4087,1,1,2476,2,49,Rural,Average,510637.73820691527
11401,2,2,2376,2,29,Downtown,Average,569152.4463389813
6480,2,2,1946,1,50,Suburb,Poor,449788.55642673525
6623,5,3,1358,1,10,Downtown,Excellent,581850.11702711
4994,1,3,2118,1,42,Rural,Excellent,554333.2522760673
9054,1,1,446,2,26,Suburb,Excellent,321869.1989226699
4272,2,1,2007,2,75,Downtown,Average,484802.44280632044
7074,5,1,1020,1,57,Rural,Poor,230293.06304464463
5709,3,2,2148,1,71,Downtown,Good,606263.7069712433
8273,1,2,1484,1,96,Rural,Poor,302745.4678857232
6478,2,3,1653,2,91,Suburb,Average,387018.5734826198
5138,3,3,1542,1,7,Rural,Excellent,458132.5360859044
7443,3,3,1518,2,55,Suburb,Poor,363293.4608684142
8356,3,1,2313,1,84,Downtown,Good,630038.7837077567
7633,4,1,1756,1,17,Suburb,Average,443568.32873532374
8104,3,1,1875,1,74,Downtown,Excellent,555824.7393661102
6231,3,2,1287,2,92,Rural,Average,330125.2270291967
6774,2,2,2275,1,70,Rural,Good,479505.91116000176
6155,5,3,2114,1,56,Suburb,Average,479587.9837824146
6780,4,1,2478,1,28,Rural,Excellent,589676.4838510653
5873,2,2,1853,1,16,Downtown,Poor,488337.8848027772
4047,2,1,1791,2,61,Rural,Poor,358327.96835628175
7854,3,2,1321,2,68,Rural,Good,369816.77699563396
6696,4,1,2116,2,69,Downtown,Excellent,632050.8419582738
4239,5,2,1703,1,88,Suburb,Average,396425.3853675259
8425,5,2,2131,1,44,Rural,Poor,398671.7214828407
5685,2,2,1292,2,54,Rural,Excellent,427486.7457389458
7603,4,2,1730,1,32,Rural,Average,380795.6742964216
8958,2,3,1842,2,76,Rural,Good,416742.916360148
7757,2,1,2128,2,55,Rural,Average,457358.0941332289
9778,5,2,2141,2,65,Suburb,Average,482995.54929208464
5030,5,2,1808,2,12,Suburb,Excellent,543138.2326847547
8304,2,1,2586,1,25,Downtown,Good,665143.7255729524
6130,5,2,1697,1,64,Suburb,Poor,390432.10680945846
5758,5,2,1678,2,69,Downtown,Excellent,583412.1180877598
6342,3,1,2128,1,76,Suburb,Poor,440233.4367492471
6876,3,3,2233,2,30,Downtown,Average,542784.6179640435
7612,1,3,2208,1,40,Downtown,Poor,507222.8634410866
5169,1,2,2352,2,17,Rural,Excellent,557268.9143062711
9301,2,3,2101,2,28,Downtown,Excellent,601469.8472819006
8431,2,3,2455,1,28,Rural,Excellent,587766.720951881
4427,2,2,1902,2,11,Downtown,Poor,469271.52278998925
10476,2,2,2741,2,93,Downtown,Good,664710.821226072
11291,5,3,1890,2,65,Rural,Good,434381.52086279297
9857,1,2,2953,1,0,Suburb,Good,648802.1715189721
7140,2,2,1882,1,50,Suburb,Average,422856.7599895692
5358,3,3,1009,1,27,Suburb,Excellent,437226.59116948576
9608,5,1,1438,1,56,Rural,Excellent,471204.0915878784
6693,1,3,2587,1,79,Rural,Good,561220.9475184192
9944,5,3,2317,2,52,Suburb,Poor,468096.7984632562
7916,4,3,1901,2,16,Rural,Excellent,490802.958171037
9453,2,2,1826,1,90,Rural,Good,436406.75546830695
8212,3,3,1177,1,77,Suburb,Poor,275961.44983603724
8913,1,2,2353,1,25,Suburb,Good,526517.1774148275
7521,5,1,2097,1,23,Suburb,Average,495259.60538015614
11071,1,3,2481,1,60,Suburb,Poor,511862.4699259817
7753,4,1,1483,1,71,Suburb,Average,364362.35774892365
8303,3,3,2174,1,19,Suburb,Excellent,607968.38117975
11266,5,2,1856,2,65,Rural,Poor,347664.0812849237
4804,4,1,1580,2,62,Rural,Good,398474.8075802708
4959,3,3,2426,2,40,Downtown,Excellent,666890.7218669632
9438,2,1,1553,2,68,Rural,Average,323026.02236331726
5153,1,2,2276,2,15,Downtown,Poor,540948.9610719063
11387,4,2,1781,2,21,Suburb,Average,452809.3959281536
6672,1,3,2368,2,19,Downtown,Poor,531715.1044523929
6005,1,3,1400,1,28,Suburb,Poor,314649.6912394515
11345,4,1,2154,1,97,Downtown,Average,514908.8831111234
10461,4,2,1387,1,10,Rural,Poor,309127.64190548507
11235,5,2,3392,2,24,Suburb,Average,668430.7811603302
9312,3,3,2074,2,25,Suburb,Average,502449.52013421734
5777,2,2,2328,2,53,Rural,Average,471851.91077253805
11320,3,2,1912,1,7,Downtown,Average,498609.48693969846
6963,2,2,2294,1,20,Rural,Good,500829.0762083321
9104,2,1,1863,1,99,Rural,Average,363094.5131300913
9394,5,1,1638,1,87,Suburb,Average,430455.54747829837
7189,3,1,2667,1,62,Suburb,Excellent,655055.9116136344
8728,4,2,2532,2,62,Downtown,Poor,588029.1557480682
9344,1,3,1940,1,78,Rural,Excellent,465944.71556426014
8252,5,3,1819,2,15,Suburb,Average,451529.0677172352
5301,5,3,1833,1,4,Suburb,Excellent,540632.8153964041
8096,5,1,2164,2,94,Downtown,Poor,487104.2999626
10152,4,2,2023,1,96,Downtown,Average,492694.82609345164
6110,1,1,3211,1,85,Downtown,Good,717850.5654879761
7200,2,1,1998,2,1,Rural,Poor,364771.64818879776
6629,4,3,2739,2,50,Downtown,Excellent,740979.7469846488
11198,3,3,2489,1,23,Rural,Poor,445164.0744436275
8844,3,2,2395,1,64,Rural,Excellent,511088.5513658009
8314,4,1,2183,1,14,Rural,Excellent,572366.0593158777
5960,5,2,2314,1,91,Suburb,Good,556617.9292941408
8578,4,1,1952,2,77,Downtown,Average,505866.7349340582
6151,1,2,1636,1,37,Rural,Good,381281.08179344225
7563,2,1,2448,2,52,Suburb,Good,582156.6470200252
6228,2,2,1621,2,98,Rural,Good,382097.9164318271
8852,2,1,1214,2,76,Downtown,Poor,353037.0647608582
8653,2,1,1938,1,2,Downtown,Good,552469.8571188692
7083,5,3,1600,2,97,Rural,Excellent,446124.7463784434
8292,3,1,2314,1,78,Downtown,Poor,529286.0736973775
5313,3,3,2069,2,17,Suburb,Excellent,612188.7219916089
4517,4,2,1693,1,44,Suburb,Excellent,540365.7940081157
8378,2,3,2536,2,71,Downtown,Excellent,670697.3918780106
7833,3,1,3013,1,27,Rural,Average,548314.8428951647
8770,1,3,2475,2,23,Rural,Average,471014.6206700957
12266,4,3,2662,1,99,Rural,Average,499221.76832350856
9388,5,2,2033,2,65,Suburb,Excellent,563577.9884696604
5674,3,3,2691,1,71,Downtown,Poor,587554.2592026485
9734,2,2,1204,2,57,Suburb,Excellent,468314.0192502955
4868,5,2,2145,2,75,Downtown,Excellent,653461.3463635952
6576,1,3,1789,2,57,Downtown,Good,527536.6597633174
7363,1,1,2177,1,10,Suburb,Poor,447641.29485161556
10926,1,2,1741,2,8,Suburb,Average,397522.9641192433
6010,5,3,2878,2,14,Downtown,Excellent,741207.5989341397
5847,3,2,1792,2,93,Rural,Good,448511.8915927385
7303,3,3,2112,1,95,Downtown,Poor,468375.8619248404
6173,2,3,2171,2,26,Suburb,Good,567896.2367395335
9753,5,1,966,1,51,Downtown,Excellent,466460.15580295
5340,3,3,2356,1,41,Downtown,Good,593448.1144444427
5205,4,2,2494,1,80,Downtown,Good,634044.5349267824
6624,2,2,2074,1,41,Suburb,Poor,437133.56820273964
6503,3,1,1549,2,45,Rural,Good,369515.98535909975
11359,4,2,2225,1,95,Rural,Average,459575.4653424727
9398,2,1,2217,1,26,Rural,Poor,410197.6965656887
7675,1,3,2191,1,69,Suburb,Poor,485218.0995851848
5049,1,3,1790,1,77,Suburb,Average,406545.0189601961
9188,4,3,2363,1,9,Rural,Average,448374.70843133016
5499,1,1,1636,1,21,Downtown,Excellent,549113.4294442753
4410,4,2,2134,1,2,Downtown,Poor,501199.43460441235
9876,2,2,1965,1,32,Suburb,Good,485187.2758855692
8133,3,3,2182,2,68,Suburb,Average,441663.04488310986
9341,2,2,2132,2,40,Downtown,Excellent,620805.7063406811
8137,4,1,3544,1,6,Suburb,Excellent,788812.1247156413
9213,5,1,1669,2,65,Suburb,Average,421432.83020842535
6197,5,1,2106,2,53,Downtown,Excellent,626351.499384197
5431,4,1,1810,1,52,Rural,Average,389452.08899526193
8863,1,2,1385,2,62,Downtown,Good,478379.2260479166
5893,4,1,1194,2,63,Rural,Excellent,398359.8192190614
6120,3,2,1558,2,76,Rural,Good,392411.93436654017
6588,2,3,2290,2,58,Rural,Poor,443077.0965216364
7534,4,2,2226,1,45,Downtown,Good,604654.3635855741
6792,3,1,2643,1,86,Suburb,Excellent,656024.685916051
4750,5,2,1202,1,76,Downtown,Poor,400509.68543850974
6212,4,3,2236,2,16,Downtown,Poor,521924.5556805859
3053,1,3,1989,2,67,Suburb,Excellent,549496.2604975607
8750,4,3,1859,2,86,Downtown,Average,471231.4176643685
4295,5,2,1370,2,24,Suburb,Poor,336494.19716587395
5291,3,1,1949,1,5,Suburb,Excellent,579746.4440991813
7604,4,1,2025,2,84,Rural,Excellent,485882.0217423071
6020,4,2,2058,2,10,Suburb,Poor,402764.0117593019
10586,1,1,1908,1,60,Rural,Average,391751.7576339654
4914,4,1,2469,1,89,Rural,Excellent,554940.3231765089
8034,2,2,1885,1,26,Suburb,Poor,424425.2253797313
7421,4,3,2964,2,25,Suburb,Poor,587078.3722602903
5163,3,1,1815,2,94,Suburb,Good,440097.3597922273
8546,2,3,2009,2,25,Suburb,Excellent,553742.8320371455
7156,1,1,2879,1,69,Suburb,Excellent,683326.358863157
9043,3,3,2139,2,27,Downtown,Excellent,649536.6799473945
9147,1,3,2479,2,64,Suburb,Poor,506312.5471139994
11826,4,1,1928,2,33,Rural,Excellent,490590.2016435124
10173,4,1,1378,1,2,Downtown,Good,520684.051715274
6761,4,2,1961,2,73,Suburb,Excellent,547264.9078816461
7021,5,1,1923,2,78,Suburb,Poor,445101.5868732146
9699,5,1,1417,1,61,Rural,Average,318071.06737518706
8810,5,2,2415,2,39,Rural,Poor,445113.2653124774
8780,2,3,1735,2,23,Downtown,Average,479136.21400234656
4266,5,2,2407,2,52,Downtown,Good,648008.8226476441
7451,4,3,2635,1,69,Suburb,Good,595597.9721525379
6023,4,2,2174,2,34,Downtown,Good,580820.3015301686
8059,1,1,2648,1,95,Downtown,Average,641488.7966664687
7303,3,1,2190,2,2,Suburb,Average,478433.2464329182
9320,3,3,1720,2,78,Downtown,Average,461750.60601552034
8134,2,1,1310,1,27,Rural,Poor,283973.2311624633
9072,3,3,1952,1,27,Suburb,Excellent,587387.2989141213
6567,2,2,2169,2,64,Suburb,Excellent,596967.5668579565
5611,1,1,1724,2,85,Suburb,Poor,333546.6866444043
6679,4,3,1582,2,17,Downtown,Good,528646.7977221528
7465,4,2,2034,1,72,Suburb,Good,537574.9415597699
8258,2,1,1906,2,8,Rural,Excellent,475569.2836042294
12018,5,1,1961,1,45,Downtown,Excellent,606476.5659087925
7415,1,3,1418,1,13,Rural,Poor,321282.965453692
5588,4,1,2397,2,20,Downtown,Poor,539392.5588923799
6808,4,3,1924,1,21,Rural,Excellent,519458.44918959856
6572,1,1,2274,2,87,Suburb,Poor,447983.57894621405
8462,2,2,2229,1,1,Suburb,Excellent,581279.8580434807
4418,5,1,2056,2,38,Downtown,Good,587765.5462462737
7626,2,3,2368,1,56,Suburb,Poor,488365.58556962444
7813,1,3,2612,1,75,Downtown,Poor,541723.5812205484
7964,3,3,1904,1,24,Suburb,Good,516271.5452808513
6305,2,2,1144,1,93,Downtown,Excellent,437351.39218025526
7024,3,1,1736,1,31,Downtown,Poor,431526.7762795218
4651,1,1,869,1,21,Rural,Poor,209437.88529171798
6513,3,1,1936,2,92,Suburb,Average,397926.52323376347
6414,4,3,2018,1,76,Rural,Excellent,532695.4251180693
8332,3,3,3356,2,92,Suburb,Poor,632668.3631834133
5187,5,1,1710,1,65,Suburb,Poor,412038.6098026057
9062,5,3,2021,1,95,Suburb,Good,463717.3114952458
10488,1,1,1627,1,54,Rural,Excellent,459963.16098144674
3360,5,1,1422,2,10,Rural,Excellent,462339.13751216733
8352,3,3,2107,1,92,Rural,Excellent,524303.4131028015
8853,4,1,1567,2,48,Suburb,Poor,364088.8539552661
6225,1,3,1873,2,21,Downtown,Excellent,586143.9392283354
6705,2,1,1882,2,75,Suburb,Good,500570.5359212845
7234,4,3,595,1,4,Suburb,Average,253735.41736042502
6904,2,3,1719,2,78,Downtown,Average,460053.39109451
6881,1,3,2139,1,53,Suburb,Poor,462923.430957871
4147,2,1,2040,1,99,Rural,Excellent,479959.6520966392
9804,4,1,1994,2,55,Rural,Good,454114.5229970466
9659,5,2,1709,1,42,Rural,Excellent,502454.113665632
5873,1,1,1740,2,95,Rural,Average,372704.55028620246
4567,5,1,2538,2,43,Downtown,Good,643988.1170344446
8542,5,1,1535,1,72,Rural,Excellent,448457.47554321727
6348,5,2,1890,2,22,Suburb,Average,494452.49927403824
7783,4,2,1675,1,39,Suburb,Good,508874.3986431581
6861,3,1,2020,2,40,Rural,Good,463684.0453873324
8883,5,1,2523,1,34,Downtown,Excellent,675127.0211770339
8889,3,3,1381,1,35,Suburb,Good,432165.28151107376
6048,1,1,1579,2,52,Downtown,Average,430087.2304996574
4733,2,3,2453,2,95,Downtown,Good,598680.125574674
4334,5,1,2780,1,59,Rural,Average,516687.33748034446
8720,3,3,3328,2,36,Rural,Excellent,716631.9288836907
5122,1,2,1647,1,49,Suburb,Excellent,508840.7917994194
6486,4,2,2737,1,18,Downtown,Average,634367.0957210008
6307,1,1,1614,2,53,Downtown,Good,474423.41918956337
7394,4,2,1824,1,13,Rural,Excellent,506449.38553741475
3627,2,2,1063,1,54,Downtown,Average,391766.83017560694
7877,2,3,1691,1,63,Suburb,Good,466952.6094787572
8547,3,2,1769,2,57,Rural,Average,358693.10434951994
7676,4,1,1791,1,47,Downtown,Excellent,545373.8188586822
6878,4,1,2541,2,11,Downtown,Average,569409.6413564025
7694,2,2,1684,1,85,Rural,Good,398349.3351491301
8298,1,1,2474,1,64,Rural,Good,510677.9636358917
1954,1,2,1901,2,41,Rural,Good,411351.9006541601
11411,3,1,1907,1,17,Downtown,Excellent,607775.1388026472
8280,2,3,2292,1,17,Rural,Poor,426057.16643486463
6195,2,2,937,1,33,Suburb,Excellent,390647.41983193473
6718,5,1,1923,2,40,Downtown,Average,481332.21114053606
8487,3,3,1888,2,99,Downtown,Excellent,560843.696742285
7267,2,2,1553,1,35,Rural,Good,402409.8097610657
3438,5,1,1819,1,34,Downtown,Poor,490832.51636903395
11628,4,2,2118,2,91,Suburb,Good,520793.0946889204
7278,5,3,2359,2,99,Suburb,Excellent,647971.3921607082
9540,2,2,1905,2,32,Downtown,Good,537029.6862997873
6115,1,3,2104,1,24,Rural,Poor,409892.5261330788
10572,3,3,1470,1,9,Rural,Poor,322250.79423880443
8072,4,1,1384,1,91,Suburb,Excellent,492627.81247585
8717,1,3,2064,2,45,Downtown,Poor,472935.47396109527
5409,3,3,2171,2,26,Downtown,Average,562808.5302300208
9922,4,1,1887,2,13,Suburb,Excellent,608391.8770547819
8879,4,3,1044,2,36,Suburb,Average,330582.6204784036
10103,2,1,2661,2,42,Suburb,Excellent,619640.8182718633
6243,5,1,2295,2,24,Downtown,Good,580289.7436423851
6537,1,3,2234,2,48,Suburb,Poor,455934.68116027734
12107,5,2,1879,1,51,Suburb,Good,500576.3319810377
5379,2,3,1020,1,92,Rural,Good,330486.284822408
7228,2,2,2596,1,99,Suburb,Good,584741.8391144433
9773,1,3,2529,2,31,Downtown,Poor,587148.2522968036
7695,4,1,1719,2,32,Downtown,Excellent,569097.4463733685
8665,3,3,1862,2,44,Downtown,Poor,466514.8119202968
6701,4,1,1193,1,90,Suburb,Poor,303056.5350902376
8240,5,2,1434,2,8,Downtown,Average,435231.1651981613
4886,1,3,1897,1,17,Downtown,Average,470906.76879135816
10816,2,2,1607,1,22,Suburb,Poor,374083.03137252724
7263,4,3,1616,1,29,Suburb,Excellent,557112.2420835141
6139,1,1,2581,2,0,Rural,Poor,494758.1036446886
8832,3,1,1515,1,6,Rural,Poor,319969.61022135924
6578,2,3,1893,1,79,Downtown,Excellent,610531.8687457825
4831,4,2,2145,2,21,Downtown,Average,548306.3413575528
4806,2,3,2671,2,82,Suburb,Average,527202.8824467163
8887,5,3,708,1,67,Downtown,Good,399068.80629219254
7180,3,3,1235,1,23,Rural,Poor,298336.32869002176
7232,3,2,1614,2,58,Suburb,Poor,341540.3121460616
9655,3,3,1544,2,11,Rural,Average,383662.0404221521
5246,5,1,2129,1,54,Downtown,Average,505418.044389867
6038,4,3,2010,1,64,Rural,Good,493980.59892465954
6730,4,3,1867,2,24,Downtown,Poor,495732.70502781594
7688,4,1,979,2,68,Downtown,Average,372979.4756670347
7415,4,3,2047,2,41,Rural,Excellent,564660.4648125627
6926,4,2,2518,2,34,Suburb,Poor,546031.5844350129
7376,1,3,1139,1,66,Suburb,Average,320589.366302146
7285,5,2,2577,1,8,Suburb,Excellent,631132.5885374455
6060,3,3,3009,2,35,Suburb,Good,665754.805321253
5874,4,3,671,1,4,Suburb,Poor,261606.91469966117
8049,4,3,2248,2,67,Rural,Excellent,521761.6022357835
5718,3,2,2174,1,36,Suburb,Good,566467.8793424678
5185,3,1,1696,1,66,Suburb,Excellent,539039.2948050945
6875,1,3,2989,2,12,Rural,Average,555438.5514127979
7184,5,3,1780,2,63,Rural,Poor,335504.261013986
12013,2,3,2273,2,89,Suburb,Average,452564.9947083048
6090,1,1,1335,1,24,Downtown,Average,421017.9860215902
9386,2,3,1533,2,33,Suburb,Average,382085.45188641764
8994,1,2,2785,2,47,Suburb,Excellent,691755.882589662
5122,5,1,1765,1,48,Rural,Excellent,465324.8716868933
9046,5,2,984,1,44,Rural,Excellent,363698.7228882436
5132,2,2,2775,1,99,Downtown,Excellent,711524.2323803708
2181,4,1,2150,1,56,Downtown,Excellent,636078.6519841406
8712,4,1,1513,1,99,Rural,Good,381091.9709805626
3988,4,3,2571,2,9,Downtown,Poor,605686.8417999867
8401,2,1,1548,2,47,Downtown,Average,439028.19295575435
6131,4,2,1470,2,4,Suburb,Average,425287.3226041546
10819,3,3,2092,1,75,Rural,Good,429363.8505463081
9637,3,1,1409,2,26,Downtown,Excellent,526606.1650865964
6593,5,2,1750,1,9,Suburb,Excellent,577528.5667235964
6124,2,1,2040,1,89,Suburb,Poor,422008.4417016936
5071,4,3,2211,1,73,Rural,Average,419391.90689287224
6618,3,2,3219,1,28,Rural,Average,617889.9938708985
6939,4,1,1679,2,89,Rural,Excellent,474331.25438921095
6770,1,3,2850,1,68,Downtown,Poor,635186.0441084191
7813,4,1,1399,2,30,Downtown,Poor,370203.18881873967
8657,5,3,2450,2,47,Rural,Good,553263.108846481
8199,1,2,2024,2,33,Suburb,Average,481683.72203991923
5971,2,2,1871,1,93,Suburb,Good,468566.7287542615
4624,4,1,1688,1,93,Rural,Excellent,455055.0581780638
10229,4,2,1143,2,84,Downtown,Good,435127.6778184088
6121,1,1,2078,2,53,Rural,Poor,362236.6366987417
6195,5,1,1877,1,80,Rural,Excellent,527666.2736665007
6457,5,2,2150,2,95,Downtown,Good,625042.2114762838
3813,5,1,2534,1,38,Suburb,Excellent,667914.9264456002
6544,2,1,2776,2,65,Suburb,Average,575808.819126325
6540,1,2,1520,2,65,Suburb,Average,341140.52457692317
8740,3,3,2348,1,30,Rural,Average,519797.00337623147
8896,2,1,2851,1,41,Rural,Poor,507607.92611788213
7507,5,1,2388,2,37,Suburb,Poor,505288.1465336162
9363,5,1,2342,1,42,Rural,Average,455323.7982593778
8179,4,2,1754,1,1,Suburb,Average,440063.964401884
7468,2,3,2065,2,62,Suburb,Poor,452090.87584687705
7821,1,2,3487,2,5,Rural,Excellent,725161.5591830625
7118,5,2,1860,1,14,Suburb,Excellent,547212.8689851852
6710,3,2,2160,1,9,Downtown,Average,546694.292979669
6964,4,3,1822,2,85,Suburb,Average,431821.06396099395
5243,1,2,1871,1,67,Downtown,Good,561633.8051359532
8060,1,2,1666,1,30,Downtown,Poor,408393.232950223
5513,1,2,1759,2,23,Suburb,Excellent,505618.7192370416
9183,4,3,1797,2,81,Suburb,Poor,417495.4667697786
7001,3,3,1883,1,10,Rural,Average,414539.53018001764
7598,5,3,2965,1,47,Downtown,Good,678789.6744278565
8487,4,3,1906,2,55,Rural,Poor,383489.0964937836
8786,4,2,2117,2,48,Suburb,Excellent,600937.8730795908
4358,3,3,2194,1,6,Downtown,Poor,537957.6555124719
7086,1,1,2043,1,70,Suburb,Poor,380930.403235052
9260,5,2,1510,1,21,Rural,Good,370680.7568598933
4103,2,1,2067,1,35,Rural,Good,436646.31983097066
8274,1,3,1608,2,27,Rural,Excellent,422565.3116599906
2988,1,1,1893,1,16,Suburb,Good,502771.1539988402
5454,3,2,2006,1,38,Suburb,Excellent,590903.9850708666
7577,2,2,2358,2,36,Rural,Poor,453360.10080291546
4186,5,2,2643,2,7,Downtown,Excellent,750770.8732027267
5528,5,1,2410,2,14,Downtown,Poor,569064.0230071935
4556,5,2,1954,2,37,Suburb,Excellent,602697.7233911826
10796,3,2,1080,2,68,Rural,Good,288468.7423206361
7828,2,1,880,1,31,Downtown,Good,402532.43311483564
8634,2,3,2235,2,72,Suburb,Good,568379.7176132568
7054,1,2,1519,2,35,Downtown,Excellent,548222.1601621689
6793,4,3,1741,1,71,Downtown,Excellent,594821.9778320361
4267,2,3,1550,1,87,Suburb,Excellent,490126.54019982065
6916,5,2,1465,2,58,Downtown,Average,421686.78925638273
5977,5,1,2548,1,56,Suburb,Excellent,657659.1081782919
9215,4,3,2154,1,67,Downtown,Excellent,623586.8248917529
9782,4,1,2033,2,81,Downtown,Good,553670.2461003726
10433,1,2,1942,2,53,Suburb,Poor,417224.7429969461
9205,1,2,1753,2,27,Rural,Excellent,451961.1667790932
6302,3,2,2097,2,36,Rural,Good,448486.02692732995
5268,5,2,2435,1,81,Rural,Good,541199.9637346595
9033,3,2,1759,2,33,Suburb,Average,464501.3839035473
8212,5,2,2517,1,40,Suburb,Excellent,661094.6272570669
3962,3,1,1676,1,40,Downtown,Excellent,579953.5909040088
8210,1,2,1628,2,83,Downtown,Poor,408004.961563755
9129,2,3,2622,1,31,Rural,Good,591452.9721229023
7617,4,3,2510,2,86,Suburb,Average,577377.8663584038
7129,5,2,2051,1,3,Downtown,Good,591855.9811968154
5884,1,1,2248,2,0,Rural,Average,477186.0777976646
4606,1,2,1483,1,32,Suburb,Average,405982.5067065211
9100,1,2,1917,2,5,Suburb,Average,441028.7748145288
6881,3,2,1788,2,7,Rural,Average,419187.05199901597
7033,4,2,2455,1,69,Downtown,Poor,516669.9288481417
10965,1,1,2292,2,15,Rural,Average,443074.8272006917
8869,3,3,2907,2,88,Downtown,Excellent,736418.4495154175
8241,1,3,2239,1,75,Downtown,Poor,473215.427835074
7784,3,3,1226,1,64,Suburb,Poor,307867.8308174444
10539,2,3,1801,1,33,Suburb,Good,510555.1321805793
10939,3,3,2239,1,34,Suburb,Poor,476640.0071048856
9359,5,3,1672,1,32,Suburb,Good,490437.34321096743
8664,4,1,1872,2,62,Rural,Poor,341704.9415528511
3310,3,2,1871,1,46,Suburb,Excellent,540844.1689141465
7747,4,1,2089,2,56,Suburb,Poor,486411.55934739247
7239,3,1,2011,2,66,Downtown,Poor,492306.5004885538
7687,4,1,2439,1,56,Suburb,Poor,512990.8764904874
9386,2,1,1851,2,31,Suburb,Good,464821.92218040326
2020,5,1,1921,2,80,Rural,Excellent,517727.66538226523
6361,5,1,1797,2,70,Suburb,Poor,404831.5280014989
8039,5,2,2598,2,10,Suburb,Good,629065.6162541584
6566,3,1,2172,2,22,Rural,Poor,430424.6536904462
4666,5,1,2300,1,54,Suburb,Average,522043.85447881656
9237,1,3,2042,2,14,Suburb,Good,532629.953466065
8053,1,3,1934,2,35,Rural,Excellent,474862.7505182623
5557,5,2,1443,1,52,Rural,Average,325790.8896289116
8129,5,1,2339,2,67,Suburb,Good,579121.8735081846
9143,3,3,1559,2,48,Suburb,Poor,360705.6756720533
7510,5,1,1798,2,51,Rural,Excellent,485551.2494112293
9101,4,3,2075,1,58,Rural,Good,469452.67909445503
7656,2,3,2147,1,86,Rural,Poor,389952.9365672183
6709,3,3,2351,1,45,Downtown,Good,630014.6736795898
5181,3,3,940,2,45,Suburb,Poor,243067.61560117596
7328,1,1,2888,2,80,Rural,Good,590679.9360946633
7888,3,2,1559,1,97,Downtown,Excellent,508339.30642162875
9251,3,3,1516,1,20,Suburb,Excellent,516965.70640524244
7269,2,3,1490,2,39,Suburb,Average,422332.70082972565
8414,4,2,1358,2,98,Rural,Good,327819.74628089333
5570,2,1,2181,2,42,Downtown,Good,574956.3279010749
5934,4,3,1116,2,61,Rural,Excellent,382218.58720915683
7279,1,2,1443,2,54,Downtown,Good,444117.6813331958
5390,2,1,2560,2,96,Downtown,Poor,530456.0222212553
9140,2,1,1492,1,97,Rural,Average,323660.539148443
8426,2,1,2610,1,48,Suburb,Poor,504054.35183721327
8058,5,1,2347,2,49,Suburb,Average,510675.40417389234
8177,5,1,1348,1,95,Suburb,Good,403707.3021569454
11542,2,3,2567,2,85,Downtown,Excellent,682358.5363554884
6562,3,3,1818,1,0,Suburb,Poor,381935.93467115494
3097,1,1,2144,1,22,Downtown,Poor,479884.57588274
7898,3,2,2190,2,63,Suburb,Good,554007.7822082748
7398,1,1,2003,2,81,Rural,Poor,367394.21746836195
6464,1,3,1682,2,64,Rural,Average,329843.42766860384
5542,5,2,2191,2,37,Downtown,Poor,530288.9031234932
6621,1,3,2641,2,45,Downtown,Good,658058.758701172
7862,2,3,2592,2,47,Suburb,Good,583477.4535794519
6494,2,2,1728,2,8,Suburb,Poor,383388.5136925239
12324,1,1,2435,2,48,Downtown,Average,584411.9976938264
5578,5,1,2070,1,41,Suburb,Good,560662.0237167779
5913,3,3,1927,1,33,Downtown,Excellent,608127.2618872352
2922,5,2,1547,2,85,Suburb,Average,431900.42653504736
8002,5,2,994,2,96,Suburb,Poor,283102.7667851086
3467,3,3,1974,1,80,Downtown,Excellent,604130.4940475909
6421,2,2,2281,1,17,Rural,Excellent,577101.0569352306
6948,4,3,2118,2,26,Rural,Good,512915.17501583026
6080,5,2,1691,1,5,Suburb,Poor,385098.1872157987
10977,2,1,1864,2,43,Downtown,Average,523075.8742659209
9488,1,3,2897,2,22,Suburb,Average,583097.6379766777
10138,5,2,1596,2,68,Suburb,Average,391033.1775103236
5735,5,2,2788,2,56,Rural,Good,588863.6720847157
9757,1,2,2102,1,73,Rural,Good,449822.63591619115
8492,4,3,2151,2,85,Suburb,Good,550322.0798945023
9042,4,2,1887,2,43,Rural,Excellent,533341.3320400937
9558,3,2,1107,1,21,Suburb,Average,380705.15651759837
5682,1,2,2135,2,63,Rural,Good,480911.49952913605
6651,2,3,2883,1,56,Suburb,Excellent,674419.2389890727
9225,2,3,2612,2,25,Rural,Excellent,583874.9971580845
2188,4,1,2035,2,15,Downtown,Excellent,605079.0086479374
10526,3,3,2250,1,33,Suburb,Excellent,587447.9889803376
8606,3,3,2086,1,88,Suburb,Excellent,572279.4341041058
7408,2,3,1752,2,69,Rural,Average,387922.2336642697
7941,3,1,1858,1,62,Suburb,Excellent,535144.5445213586
5440,4,1,1751,2,70,Downtown,Good,560512.0600213609
6800,4,2,1748,1,55,Rural,Poor,336226.5385053557
9700,3,3,2318,2,13,Downtown,Poor,549995.5452610363
10096,4,2,3448,2,91,Rural,Average,645615.6108950335
12892,4,2,1347,2,12,Rural,Average,304851.5931004845
7352,3,2,2205,1,2,Rural,Poor,397983.4644050247
6182,4,3,1974,1,84,Rural,Average,389188.2997104193
6471,1,3,1916,2,62,Downtown,Average,499296.7545101448
5463,4,1,2425,2,0,Suburb,Good,613265.5354436345
7344,5,1,2523,2,19,Downtown,Good,639783.2707261582
8265,2,2,1925,2,35,Suburb,Excellent,540639.4494321931
7431,1,2,2208,1,86,Downtown,Good,609567.7281696848
9692,3,3,2679,2,19,Rural,Average,520673.52272159397
7031,2,1,1851,2,1,Rural,Good,440030.1085809384
6805,5,2,2455,2,30,Downtown,Good,661832.11605769
6337,2,2,1768,2,99,Suburb,Good,465147.6557558741
4234,4,1,1471,1,60,Rural,Average,326675.61045281304
4364,2,3,2693,2,76,Rural,Good,564111.2249820434
5141,3,2,1987,2,63,Rural,Excellent,483009.81947351043
10102,4,3,1874,2,25,Rural,Good,441578.8069885599
9290,4,2,1255,2,49,Downtown,Average,372665.38983011426
10249,5,3,1789,2,17,Rural,Average,375226.3641481872
4835,2,2,2481,2,80,Downtown,Good,630148.1594762632
3562,5,2,1424,1,15,Suburb,Average,391553.7453158837
6179,4,2,2399,1,25,Suburb,Good,581623.584121842
7851,4,3,1568,1,79,Downtown,Excellent,545030.8064021129
8497,5,1,1587,2,57,Downtown,Poor,433747.16275528487
9595,4,3,1969,1,40,Downtown,Poor,501313.627252824
8068,2,3,2666,2,27,Suburb,Average,585836.332911495
10985,1,3,1786,2,10,Downtown,Poor,428537.0260229547
7054,5,2,2003,1,8,Rural,Excellent,565769.5411039433
5673,3,2,1453,1,88,Rural,Excellent,431531.37379830476
4137,1,3,1381,2,20,Rural,Good,379287.84459681227
5722,3,3,2089,1,79,Downtown,Average,521485.6550011945
7984,4,2,2277,1,94,Downtown,Average,575497.0386737922
5722,1,1,2035,2,51,Suburb,Average,454519.5145038024
9373,4,2,1756,2,89,Downtown,Good,525694.1424365775
10324,4,2,2501,2,56,Downtown,Excellent,691203.8081319878
2760,5,3,2424,1,9,Rural,Excellent,609912.2300563959
9228,3,3,2555,1,95,Rural,Average,454146.1267884943
3020,2,2,1944,1,35,Downtown,Good,519370.82075828454
8302,5,3,2833,2,73,Rural,Poor,546711.9143150972
9949,5,2,1894,2,9,Rural,Average,416579.031029174
7629,3,1,2348,1,16,Downtown,Poor,533422.7084523927
4940,5,3,2034,1,13,Suburb,Good,565847.2563542795
6329,3,1,2292,1,97,Rural,Poor,406035.73036219546
6976,5,2,1911,1,40,Suburb,Average,470698.1226365496
7135,1,1,1734,2,97,Rural,Poor,327629.4833733021
7094,3,3,2385,1,53,Rural,Average,455615.9447284
7280,2,1,1949,1,45,Rural,Poor,364931.5752679181
7926,5,3,2512,2,19,Rural,Poor,509801.5816827085
5082,1,1,1436,2,12,Suburb,Poor,358732.1557300637
7015,2,3,2265,1,9,Downtown,Poor,549570.9406095778
10536,5,2,1341,1,41,Rural,Average,320008.8346864801
6730,5,1,2152,2,16,Rural,Poor,404818.02127546776
6612,4,1,1768,1,35,Rural,Poor,382056.02393362595
9656,5,1,2232,1,69,Rural,Excellent,537458.2980029453
2381,2,3,2621,2,33,Downtown,Poor,556121.2499192948
9862,2,1,2954,2,35,Suburb,Excellent,706873.9169930394
6236,1,1,1269,1,69,Suburb,Average,319091.80107473856
7827,4,3,1972,1,90,Suburb,Poor,423873.3550206844
7692,1,3,2099,2,93,Downtown,Poor,468836.76698656194
9384,1,1,2008,1,49,Suburb,Average,439841.7368513038
6964,5,1,2245,2,32,Suburb,Poor,464156.03179604595
6143,1,3,2088,2,46,Downtown,Excellent,625632.0223846427
10095,3,1,1673,1,76,Downtown,Excellent,578381.9382363618
2771,4,1,720,2,35,Downtown,Good,360449.70914451196
7540,5,2,2668,1,45,Rural,Poor,474108.5448876796
4804,3,2,1720,1,4,Suburb,Good,533638.683747493
5976,2,1,2088,2,5,Suburb,Poor,423002.8089528045
11522,4,2,2665,1,41,Downtown,Excellent,748232.2475631358
7410,2,2,2818,1,89,Rural,Poor,503138.5679166694
7890,2,3,2360,2,89,Downtown,Average,558008.2024325598
3936,5,1,2225,1,54,Rural,Good,473287.6905995165
6041,3,1,1606,2,53,Downtown,Poor,390863.25450240844
7893,4,2,1667,2,3,Rural,Excellent,479251.1124239548
8209,5,2,1625,1,44,Downtown,Excellent,601403.3727497824
8733,1,1,2293,2,27,Suburb,Poor,470864.6977111167
7517,4,3,3056,1,89,Downtown,Excellent,775952.3270558936
8554,5,1,2179,2,44,Rural,Poor,407611.7471756715
8407,4,3,1803,2,49,Rural,Excellent,452969.39001104614
3840,4,1,1432,1,41,Downtown,Poor,398885.6617705957
7574,5,1,1642,1,82,Suburb,Poor,369010.9280272021
9035,2,3,2498,2,74,Suburb,Excellent,602134.7766155902
8679,2,3,1438,1,59,Suburb,Good,392629.0249155085
6772,5,3,1704,1,90,Suburb,Average,408180.62909694854
5888,4,3,1605,1,84,Rural,Average,330929.99457676127
5263,2,3,2391,2,96,Rural,Good,539411.2310996674
7237,3,3,1964,2,12,Suburb,Average,471769.93721430126
9766,1,3,1117,2,81,Suburb,Average,295877.11974331614
3596,1,2,1706,1,93,Downtown,Excellent,545418.5291134736
6180,3,1,1665,2,73,Suburb,Good,468260.19171349495
5220,3,3,2458,2,69,Downtown,Average,564557.3010846424
9069,3,2,1467,2,66,Suburb,Poor,352801.4881820104
6391,4,1,1476,1,65,Rural,Average,355254.0999290747
6558,2,1,1052,1,56,Suburb,Average,289859.8310066261
7066,3,1,2458,1,99,Downtown,Poor,562947.167360685
8390,5,2,2308,1,19,Rural,Excellent,560380.245320023
6715,1,2,1623,2,20,Rural,Good,369954.7990661215
1407,1,1,1727,2,37,Suburb,Excellent,518661.04846307554
8586,3,2,1203,1,11,Downtown,Poor,346699.3254777544
8378,2,2,1807,2,18,Downtown,Good,529833.2650139172
7060,3,3,1759,2,34,Downtown,Excellent,593400.3042306321
5331,5,2,2220,1,54,Rural,Poor,411097.2816526274
8203,3,1,1484,2,25,Rural,Good,391911.60011934687
8258,4,1,1709,2,82,Suburb,Excellent,533744.4011936494
6559,3,2,2040,1,43,Downtown,Poor,449455.0267904943
7066,4,2,1774,2,45,Downtown,Poor,439839.2909213967
5639,2,1,2305,2,48,Rural,Poor,422155.94687507773
7142,2,1,2269,2,9,Rural,Good,504894.2048654389
4399,5,2,2536,1,27,Downtown,Excellent,715482.753361965
8334,2,2,2384,2,23,Suburb,Good,563385.7983039699
5611,4,3,1506,1,1,Suburb,Good,461223.70759174624
7976,2,1,1927,2,54,Suburb,Average,471857.4865296996
4688,4,2,2223,1,19,Rural,Average,425828.86763511144
6319,5,2,1162,2,6,Suburb,Poor,313229.1221440271
7279,4,2,2102,1,28,Rural,Excellent,543637.688029627
4178,3,1,2244,2,92,Downtown,Poor,454580.71817821614
7730,2,3,1924,1,93,Downtown,Poor,457515.6657383005
6741,1,2,1329,2,95,Downtown,Poor,359729.1711355751
4015,3,3,1901,2,80,Downtown,Poor,460874.3764997059
4893,4,1,2514,1,49,Rural,Average,506523.62410089246
8710,3,3,2446,1,43,Downtown,Poor,562507.2386896809
9291,3,3,2351,1,31,Downtown,Average,611670.338989756
7236,3,3,1645,2,65,Suburb,Excellent,498183.13667665655
8309,3,1,1057,1,24,Rural,Average,263022.02889699873
7947,4,1,2064,2,34,Downtown,Poor,487408.274443805
8159,2,2,1977,2,42,Rural,Good,469439.2102988919
10071,2,2,851,2,75,Rural,Excellent,340557.6552256499
4486,3,2,1492,1,91,Rural,Average,356274.8649899687
8852,1,3,2075,2,95,Rural,Average,418397.9636907627
6735,2,3,2167,2,40,Suburb,Good,509730.6953288374
7051,4,3,2271,2,0,Downtown,Average,544313.9396469697
6895,4,1,2099,1,67,Downtown,Good,539968.3273942666
6749,2,2,1753,2,66,Rural,Poor,320384.0695303601
5047,4,1,2107,1,66,Suburb,Poor,471183.32928745676
7866,4,3,2135,1,45,Suburb,Poor,513136.70877141505
10841,5,2,2299,2,81,Suburb,Average,507383.3586048918
7387,4,1,2147,1,12,Rural,Good,491608.37350455014
7497,2,2,2102,1,87,Rural,Excellent,520574.4743168905
6125,2,2,1879,2,6,Downtown,Good,516347.5929404047
7265,1,2,1691,1,86,Suburb,Average,385307.69144441595
8432,3,3,2571,1,60,Downtown,Good,637247.3778735434
6759,2,3,2087,2,51,Downtown,Average,510491.3613476279
6592,4,2,3035,2,56,Suburb,Average,586753.7708935131
8306,1,3,2781,1,78,Rural,Average,515832.96444726054
5663,5,1,2922,1,45,Rural,Excellent,672536.6888774844
8004,1,1,2406,2,64,Suburb,Poor,474017.93579747836
9140,4,1,2469,2,20,Downtown,Excellent,694643.0393882613
10219,2,3,2565,2,36,Suburb,Good,600883.0608167552
7319,1,2,1954,2,96,Downtown,Good,506854.92068979243
10235,4,1,2588,1,18,Suburb,Excellent,696732.1012707332
9568,5,1,1338,2,50,Suburb,Excellent,459912.0579439738
5507,1,3,2407,1,35,Suburb,Average,535501.6985687905
5064,4,3,2178,1,25,Suburb,Poor,451730.2253341714
6890,3,3,2582,1,94,Rural,Average,504050.80659459694
9557,2,2,2353,1,95,Suburb,Average,466674.51383491163
7355,4,2,1753,2,59,Downtown,Average,507695.94362213905
6298,3,3,1871,1,15,Downtown,Good,538744.2951645091
10604,2,1,1788,1,88,Downtown,Excellent,520352.85480605107
8073,2,3,1589,1,22,Suburb,Good,434768.63710240275
2858,2,1,1822,1,66,Rural,Poor,331919.1461212917
8134,3,3,2782,2,23,Downtown,Average,606328.5744175474
8540,1,2,1894,1,33,Rural,Average,413727.70891927974
7951,3,1,2827,1,72,Downtown,Good,666538.6242585514
8399,3,2,1605,1,47,Rural,Excellent,409800.74607847724
7365,4,1,2242,1,59,Downtown,Average,521932.2720758986
4863,4,1,1773,1,56,Rural,Poor,348779.0801647505
6758,5,3,2264,2,79,Suburb,Poor,486957.4467937096
5608,3,1,1566,2,19,Rural,Excellent,452340.7119954456
5634,3,3,2420,1,78,Downtown,Poor,502452.7607932994
4973,5,2,1710,2,38,Downtown,Average,454114.9023735549
8404,3,3,2156,1,37,Suburb,Good,548762.6233318283
7695,3,2,1858,2,35,Downtown,Good,534073.035187248
6603,5,2,2441,1,11,Rural,Average,498511.18189229525
6201,5,3,2585,1,28,Suburb,Average,571916.9135212238
7453,5,1,2044,1,99,Downtown,Good,571549.057070241
9658,2,2,1708,1,42,Downtown,Excellent,527016.2242929053
3491,4,1,2028,1,95,Rural,Excellent,488614.6819084535
8253,5,2,2091,1,45,Rural,Poor,395125.85963139543
6408,2,2,2486,1,81,Rural,Poor,468612.26517331024
3730,4,2,1616,1,41,Rural,Poor,348440.5600950579
3608,5,3,1484,1,78,Downtown,Excellent,536991.4894232792
5674,3,3,1980,2,40,Rural,Poor,384986.332864597
7939,3,2,2113,2,35,Suburb,Excellent,577173.8017028484
8286,4,3,2140,2,62,Suburb,Excellent,602225.9940115866
5622,1,3,2160,2,37,Downtown,Average,554908.034150853
9534,4,2,1862,1,95,Rural,Poor,365874.7361386888
10345,2,2,1077,2,55,Downtown,Good,440829.69223280495
8292,3,3,2047,1,34,Downtown,Excellent,628770.1850758883
6317,3,3,2107,2,31,Suburb,Good,499757.79347824684
9748,5,2,1496,2,83,Rural,Good,367415.6958537459
9010,2,3,2125,1,19,Downtown,Good,552616.6105835397
9234,1,2,2414,2,57,Suburb,Poor,504762.28462612483
6187,2,1,2995,2,23,Suburb,Good,645419.0523035971
1830,2,2,1476,1,76,Downtown,Poor,373253.5897325621
11733,2,2,1557,2,80,Rural,Poor,285304.52429518104
4278,2,2,2398,2,97,Rural,Average,417582.1204241143
7428,1,1,2265,2,55,Downtown,Good,568125.3761141945
12261,2,2,1844,2,30,Suburb,Poor,397572.0593208106
8161,1,2,2358,1,91,Rural,Poor,443909.4292374898
9398,4,2,2444,2,3,Downtown,Good,676502.0871870946
4495,2,1,2116,2,86,Rural,Good,453958.2176900796
3944,5,1,3027,2,1,Downtown,Excellent,760417.2041837712
6434,1,3,1366,2,14,Rural,Good,384190.68132211204
9681,1,1,1194,2,27,Suburb,Excellent,443805.1260268285
6807,2,2,1335,2,0,Downtown,Good,470808.5953057645
5910,5,2,1906,2,9,Downtown,Average,466423.53386449063
7895,5,3,2125,2,35,Downtown,Excellent,659616.587567643
9663,2,3,3175,2,78,Downtown,Poor,647508.6088474501
4610,5,2,1329,1,32,Rural,Poor,274812.93736957625
5078,1,3,2703,1,58,Downtown,Good,644167.3616104482
5922,2,1,1836,2,26,Suburb,Excellent,534230.6976404585
9689,2,2,2678,2,12,Rural,Poor,487628.21045241127
7969,2,2,2781,2,52,Rural,Poor,503140.45067394077
11764,4,1,1310,1,57,Downtown,Average,408226.7123264967
9372,2,2,1440,2,45,Suburb,Average,365438.0754544595
7429,3,2,703,1,78,Suburb,Excellent,333194.7022342099
10030,3,1,997,2,19,Rural,Poor,254609.35607732515
7922,1,3,2183,2,93,Downtown,Average,480688.2814903934
6090,4,2,1722,2,81,Rural,Good,446890.26393321453
8859,4,1,1676,1,70,Downtown,Excellent,573245.8342744341
6107,5,1,1746,1,33,Suburb,Average,432111.03459316934
6919,2,3,1250,1,77,Downtown,Average,409798.7292018004
10155,3,3,1028,2,86,Downtown,Good,413548.1768770319
7297,4,2,2310,2,43,Downtown,Excellent,670221.6496569986
5893,3,1,1951,2,0,Rural,Good,481547.9562416631
6571,3,2,2650,2,57,Rural,Excellent,577825.9229243101
9543,2,1,1478,2,22,Rural,Average,350606.65650114266
6394,3,1,1344,1,14,Rural,Excellent,415980.24741720426
6726,1,2,2442,1,69,Rural,Excellent,529498.144530942
6479,1,2,1899,1,10,Suburb,Average,431912.05361887807
7867,4,1,2261,1,67,Suburb,Excellent,602722.99011449
6729,4,1,2189,2,4,Downtown,Average,571293.4379932113
4296,5,2,2206,2,52,Suburb,Average,533058.8355961343
5725,3,3,1768,1,60,Rural,Excellent,470473.1518026252
5634,4,1,1619,2,52,Downtown,Excellent,569903.8985831962
9986,2,3,1982,2,63,Suburb,Good,512609.56490209856
9125,4,2,2076,2,94,Downtown,Poor,484404.7472213885
8674,1,3,1573,1,5,Rural,Excellent,469132.14979318593
6489,3,3,1664,1,11,Rural,Poor,356474.8620597429
5868,1,1,1912,1,60,Suburb,Good,486739.58860880363
6484,4,1,2700,2,13,Rural,Average,550299.2292940945
5396,4,3,1847,2,12,Downtown,Average,525965.0197457375
12494,1,1,2350,1,7,Downtown,Excellent,664882.2419956748
3009,5,3,1551,1,56,Downtown,Poor,388765.17366558686
8628,5,3,1087,2,5,Suburb,Excellent,413895.39962019544
4930,4,2,1607,1,57,Downtown,Poor,453298.18329592835
7291,5,3,2916,2,10,Downtown,Average,685224.3267337763
5523,1,2,1445,1,30,Rural,Good,371943.7529420242
5144,3,1,2326,1,3,Suburb,Excellent,617049.0603604509
5219,4,3,857,2,98,Suburb,Good,324703.22529567085
11009,2,2,2109,1,61,Suburb,Good,557199.9033401333
7234,5,2,1715,2,1,Suburb,Average,457048.8901574157
5968,5,2,1884,1,43,Rural,Average,392819.5486614335
8611,2,3,1875,1,16,Suburb,Average,456822.0072517884
7520,2,1,1952,2,39,Suburb,Average,445694.0500279521
8940,1,3,2454,1,17,Downtown,Poor,564618.8769023053
3851,1,1,1746,2,52,Suburb,Good,502214.59945658146
8107,5,2,1089,2,52,Suburb,Excellent,431877.14677927835
9045,3,3,1177,2,7,Rural,Poor,220245.10613290267
4176,1,2,2208,1,18,Suburb,Excellent,608605.5381028859
8396,1,1,2035,2,21,Suburb,Average,483786.1295622411
10892,4,2,2069,2,22,Rural,Excellent,557234.9280613586
7470,4,2,1819,1,30,Rural,Poor,355896.73204316467
9142,1,1,2417,1,68,Suburb,Poor,449083.18220954324
8841,3,1,2146,1,95,Rural,Excellent,521119.91198987816
6084,5,2,1369,1,3,Suburb,Excellent,478855.18511478114
7579,2,1,1645,1,49,Downtown,Poor,426563.9430626662
4366,1,3,2135,2,9,Rural,Good,499049.64934721455
6597,3,3,1851,1,9,Rural,Average,414438.76840223133
8031,3,1,1721,1,34,Rural,Average,383492.11598781263
8946,3,3,2056,1,94,Suburb,Good,482121.14052616304
7549,1,2,828,2,76,Downtown,Good,345185.2121249888
8939,1,1,1917,2,48,Downtown,Good,538399.6718654956
5294,3,3,1671,1,49,Suburb,Excellent,531958.4736673771
7296,3,1,1985,2,8,Rural,Good,424975.8041339989
7538,1,3,2296,1,24,Downtown,Average,543626.1848633535
11199,5,1,2408,2,36,Downtown,Good,656911.4220425005
7071,1,2,1704,2,9,Suburb,Average,427665.46453035285
6501,4,2,2638,1,6,Rural,Good,585935.0849398071
7542,3,1,1326,2,8,Rural,Average,331270.0194123078
5661,5,3,1481,2,81,Downtown,Poor,381256.96025981643
7885,2,3,1702,2,73,Rural,Poor,339543.96896440454
6769,1,1,2560,1,57,Suburb,Excellent,611087.3722711403
3917,3,3,2126,1,1,Suburb,Good,572515.6962612858
7382,1,3,2476,1,36,Downtown,Good,610209.4791481298
6864,2,1,2263,2,0,Suburb,Average,474711.2154157394
4235,1,3,2030,2,58,Downtown,Average,537519.2123727442
7365,5,2,1259,2,41,Rural,Poor,266360.7197055893
10478,2,3,2201,2,78,Downtown,Average,526150.4996956993
8542,4,1,2955,1,54,Suburb,Good,674255.7278347895
8723,4,1,1712,1,91,Downtown,Average,467485.78444415133
4817,3,1,1612,2,26,Rural,Poor,304158.71885316685
8453,4,2,2012,1,34,Suburb,Excellent,626994.6488944315
7796,1,3,1945,2,69,Rural,Excellent,482941.3293075496
8558,5,1,2482,1,7,Downtown,Poor,564640.1790514883
8345,4,1,2260,1,82,Downtown,Poor,491072.05201338173
4780,3,1,2609,1,15,Suburb,Average,544784.9614776426
7417,1,3,2053,1,29,Rural,Excellent,538294.8721940813
5984,3,3,1803,2,80,Rural,Excellent,453259.31625723554
7399,3,3,2580,1,61,Downtown,Poor,566184.7977003811
5705,5,3,2089,1,50,Suburb,Good,540832.6211700422
10124,5,3,1860,2,3,Rural,Good,485735.4461401601
5782,3,3,1618,2,49,Downtown,Poor,406888.9425715032
5702,3,1,2126,2,69,Downtown,Average,511653.86288876616
7649,4,2,1883,2,90,Downtown,Good,531818.775566461
5345,4,1,2022,1,34,Rural,Poor,390062.3460146172
6650,2,2,2584,1,97,Rural,Average,525655.632193766
5840,5,1,2161,1,88,Downtown,Poor,513315.75156188844
10322,4,1,2341,2,53,Downtown,Excellent,658861.9980704497
9071,3,2,2712,1,42,Rural,Poor,478692.49752647715
7385,4,1,2148,1,34,Suburb,Average,481517.33253785665
6717,2,2,2560,1,74,Suburb,Average,566552.1385075909
9381,4,2,1270,2,66,Rural,Average,320798.3839530011
8310,3,2,2054,2,65,Rural,Average,421612.2754474553
8496,4,1,2897,1,64,Downtown,Good,692564.0605786068
7447,4,3,1161,1,43,Suburb,Excellent,414917.38823668717
4123,5,1,2724,1,11,Downtown,Excellent,731229.1324844607
7275,5,1,2455,1,71,Rural,Poor,450721.0179389552
6435,2,2,2337,1,35,Downtown,Average,560330.5690425647
8790,2,2,2692,2,17,Suburb,Average,570085.7150630213
9523,4,3,2073,2,72,Downtown,Poor,497130.59937215724
6184,5,2,1400,2,37,Downtown,Poor,423123.525533737
8436,5,3,2078,2,32,Downtown,Average,527254.0887244561
10971,4,1,1634,2,65,Rural,Excellent,470572.07572396065
6164,5,2,1252,1,4,Suburb,Good,371678.6760306343
10863,1,1,1644,1,81,Suburb,Excellent,466239.8314965895
5794,3,3,1713,1,92,Downtown,Average,449555.1475793558
7545,1,3,2036,2,59,Suburb,Excellent,563045.3748304768
7477,1,3,2594,2,95,Rural,Good,548162.8347604709
7522,1,1,2223,1,81,Downtown,Good,573055.7309049754
5824,5,3,2245,1,36,Rural,Average,478075.9164844134
6317,4,3,1809,2,64,Downtown,Excellent,640967.679462411
6164,2,1,1169,1,83,Downtown,Average,364844.9674180122
8153,3,1,3072,2,25,Rural,Excellent,658854.5446579995
8160,3,3,2684,2,29,Downtown,Good,653742.3982634662
11951,1,2,2625,2,7,Rural,Excellent,615622.9174111303
10241,2,3,2772,1,90,Downtown,Average,539455.217994795
6480,4,2,2163,2,6,Rural,Poor,423206.21468594024
8149,2,1,2554,2,31,Suburb,Average,537248.3626134263
9494,2,1,1740,2,59,Suburb,Average,385809.7672428777
7561,3,1,1290,2,67,Downtown,Average,420661.10845007235
7360,5,1,2621,2,4,Suburb,Average,569686.2006653268
7603,1,1,1962,1,1,Rural,Poor,380946.7465317883
9234,5,1,1335,1,76,Rural,Good,359989.81197150226
5803,3,1,1092,1,8,Rural,Poor,248746.64815617085
6848,2,2,1796,1,63,Rural,Poor,327491.9555661863
8440,1,3,2576,1,33,Downtown,Average,563052.1406435814
8122,4,3,1329,1,33,Rural,Average,344004.3947600696
7979,4,1,2031,1,29,Downtown,Excellent,576068.6466536884
6760,2,1,1801,2,29,Suburb,Average,428813.95302717166
9445,5,1,2674,2,86,Suburb,Poor,540687.6140058651
11767,5,3,1676,1,63,Suburb,Average,435460.68501483183
8312,1,2,2286,1,25,Suburb,Average,483401.7619522523
7113,3,2,1743,2,93,Rural,Poor,350848.1195517868
9011,5,2,2234,2,56,Rural,Excellent,582904.9913848027
6421,4,3,1354,2,67,Downtown,Good,472746.93225541385
6000,4,2,2108,2,91,Rural,Poor,388074.41465170344
7565,4,1,1306,2,40,Suburb,Average,376251.6254960552
2334,5,1,1235,2,13,Downtown,Excellent,499272.05805172847
5192,2,3,1927,1,90,Suburb,Good,489418.59909469326
6804,5,2,1296,2,44,Rural,Average,320297.01938877284
4793,5,3,2210,1,24,Downtown,Poor,513618.33554173604
5434,1,3,2580,1,98,Downtown,Good,633163.4468637202
6626,3,2,2014,1,48,Rural,Average,441689.08002720174
4214,5,2,2184,2,25,Downtown,Poor,549744.6607902973
6687,5,1,2455,1,60,Downtown,Average,600470.0320984316
6429,3,2,3009,2,37,Downtown,Average,665444.968059156
7550,4,2,1793,1,31,Rural,Poor,385261.1206733364
9808,3,1,2274,1,15,Rural,Good,493340.1711994552
7845,5,1,2292,1,86,Suburb,Good,547270.1363516685
7542,2,1,1068,1,97,Downtown,Excellent,474572.5287312338
7698,1,1,2234,2,11,Downtown,Good,606971.6226792192
7954,1,2,1982,2,17,Downtown,Poor,457081.27797619917
5466,3,3,2047,1,28,Suburb,Poor,412579.460149611
7270,3,3,2646,1,43,Suburb,Poor,545947.6831785508
8117,4,3,887,2,20,Suburb,Excellent,414998.49513864575
4758,1,1,1607,1,36,Suburb,Average,408724.61806781683
9231,3,2,2252,2,8,Suburb,Excellent,613479.6400082799
9662,5,3,1251,2,47,Downtown,Poor,390038.29657902673
6237,5,2,1487,2,5,Suburb,Good,464752.5172750299
7017,2,2,1965,1,30,Downtown,Average,475658.1155413785
5743,2,1,1665,1,60,Suburb,Average,411358.30648661515
8898,3,1,2667,2,51,Suburb,Excellent,654479.5002673045
5377,4,2,2062,2,47,Rural,Excellent,516625.39939009864
7055,4,2,2329,2,51,Rural,Good,523395.70043677045
5782,4,2,2072,2,2,Downtown,Excellent,655887.0060196968
7601,4,2,2102,1,84,Downtown,Good,607354.1115042606
3911,1,2,1815,1,88,Rural,Good,408213.5424642735
10152,4,2,2513,2,13,Downtown,Average,622745.3300704152
5570,2,1,2317,2,62,Downtown,Good,610988.1559870563
7619,2,2,1129,1,83,Suburb,Good,367062.8613590931
7074,1,2,2319,1,33,Rural,Poor,437973.1942244098
5975,3,3,2347,2,38,Suburb,Average,502393.9642225221
5724,5,3,1831,1,92,Suburb,Average,470869.60545358126
9372,2,3,2550,2,80,Rural,Good,530560.9972683832
6448,2,1,1745,2,19,Rural,Good,474988.5147373575
8042,1,2,2030,1,36,Suburb,Poor,463264.1735928517
5897,2,1,2793,1,15,Downtown,Excellent,758439.3603957117
6205,5,2,1870,2,37,Downtown,Average,485280.59161823423
8444,1,1,2267,1,10,Rural,Average,427625.4848110557
9360,4,1,1650,2,51,Suburb,Poor,385282.33458529756
7149,4,1,2304,1,19,Rural,Good,494911.7953112895
4656,4,1,2159,2,53,Rural,Average,417942.5165226027
11495,5,3,2139,2,41,Downtown,Poor,506763.48952822847
5786,3,1,2132,1,9,Suburb,Good,571346.6566079977
4416,2,1,3064,1,77,Suburb,Average,594224.4112426364
12688,5,2,2721,2,73,Suburb,Poor,562485.8554701678
6691,3,2,2677,2,29,Downtown,Excellent,725764.4100341165
4576,1,3,1784,1,65,Suburb,Excellent,497154.1260497284
6133,5,1,2278,1,55,Rural,Poor,419951.2646143704
8235,1,2,1852,2,83,Downtown,Good,498407.1249685147
7880,3,1,1895,1,96,Rural,Excellent,476905.21206413646
5796,5,1,1630,1,34,Rural,Average,364640.95732301194
11145,2,1,2165,1,58,Suburb,Poor,453828.5626753708
6456,3,2,1663,2,30,Downtown,Good,486467.64081317896
5130,2,2,1748,2,53,Rural,Poor,343152.88393856294
9421,1,1,1444,1,36,Suburb,Good,418900.2229743025
10158,2,1,1384,2,26,Rural,Poor,304424.1837753719
5865,5,1,1443,1,40,Rural,Average,355671.23725063953
4697,5,2,1945,2,0,Suburb,Average,477511.8641049948
9560,4,1,2088,1,17,Rural,Good,477542.0315602724
3405,2,3,2749,1,58,Downtown,Poor,584004.5559276199
5046,4,1,1916,1,95,Suburb,Excellent,510977.91355855437
9434,3,3,1057,1,87,Downtown,Good,399520.2031281558
7389,1,2,1134,2,32,Downtown,Good,437350.8443764081
6972,3,1,2515,2,17,Downtown,Good,634634.3375119651
8205,1,2,1658,2,71,Rural,Poor,326798.04905654513
7194,2,3,1776,2,7,Suburb,Excellent,558380.4570204653
4902,5,2,1701,1,53,Rural,Good,458669.59348631836
10052,2,2,2936,1,16,Downtown,Excellent,744390.9702298508
10150,1,2,2101,1,30,Suburb,Excellent,575812.3710297112
7910,4,1,1613,1,30,Rural,Poor,350395.5987754548
7590,1,2,2463,2,34,Rural,Good,542999.8974139526
12179,4,3,2188,2,25,Rural,Good,521969.5546195086
6947,3,1,2342,1,82,Rural,Excellent,557344.6433626458
6980,5,3,1732,2,73,Suburb,Average,420010.47599804425
8228,3,3,2729,2,82,Suburb,Average,576729.2889974159
10442,2,1,2277,2,20,Suburb,Good,590511.3546094056
10685,4,2,1466,2,57,Suburb,Average,363961.6811340985
6982,4,2,1971,1,76,Rural,Good,436772.37527179194
8116,3,2,1731,1,15,Downtown,Excellent,600707.5449397957
4743,5,2,2544,1,85,Rural,Excellent,602683.8880205355
6876,5,2,2061,1,42,Rural,Average,450083.14410582447
5819,3,3,1380,2,38,Suburb,Good,408301.61754092644
5486,5,3,1150,1,21,Rural,Average,258017.7176080498
10863,2,1,2100,1,11,Rural,Poor,396744.39445487235
5915,1,2,1632,1,69,Rural,Good,393045.90048799233
6436,4,2,2647,1,85,Suburb,Excellent,688998.7419010053
8231,4,2,3230,2,86,Suburb,Good,695175.9987011427
10095,4,3,2831,2,90,Rural,Poor,519209.2450203515
8462,1,1,2107,2,17,Downtown,Excellent,611511.1874742806
13018,2,2,2083,2,72,Suburb,Poor,427568.2500712241
7350,3,1,2221,2,17,Suburb,Excellent,596438.7321392649
8017,5,3,1798,1,21,Downtown,Poor,454584.7491196075
8051,5,2,2224,2,51,Downtown,Poor,497206.3392522568
10370,1,3,2044,2,2,Rural,Poor,410081.21546865796
8514,4,2,857,2,58,Rural,Average,261610.86189315788
7267,5,1,1724,2,58,Suburb,Average,411560.85395864415
5605,3,2,2154,1,48,Downtown,Average,535155.2188477222
7988,5,2,1999,1,41,Rural,Excellent,531412.5137467803
10302,4,3,2299,2,29,Downtown,Average,586777.5191642463
6679,3,1,2991,1,89,Downtown,Average,652209.6910935714
8557,4,1,1935,1,83,Suburb,Excellent,549074.1371519456
7992,4,2,2727,2,96,Rural,Poor,567233.9855152424
9227,1,3,2774,2,76,Suburb,Good,578648.9962707985
5890,4,2,2001,1,49,Downtown,Average,541338.0506268042
12193,3,3,1456,1,47,Suburb,Good,411357.1883205937
4941,1,2,1966,1,38,Suburb,Poor,420013.34313591657
6768,1,2,2045,2,44,Downtown,Good,604402.9270467556
9376,3,3,1851,2,81,Rural,Poor,327752.7594104692
8093,1,2,1821,1,29,Downtown,Good,516443.88317969494
9159,3,1,2001,2,68,Suburb,Excellent,564234.4904852316
6507,5,1,2289,1,22,Suburb,Excellent,617336.7597581799
7350,1,3,1202,2,78,Rural,Good,331107.7411375591
7524,5,3,1462,2,36,Downtown,Excellent,545718.0725136568
10638,1,2,1232,1,49,Suburb,Poor,290601.8706734501
8880,4,2,2147,1,80,Downtown,Poor,490503.75449186686
9093,3,1,2388,1,79,Rural,Average,451425.3210937639
6184,4,3,2267,1,31,Downtown,Poor,546827.3913900545
9437,5,3,1819,1,17,Downtown,Average,482258.6286993567
7951,3,1,2209,1,64,Suburb,Average,473972.80387874425
10278,3,3,2512,1,15,Downtown,Poor,571682.1488314905
11528,5,2,2358,2,66,Rural,Excellent,578788.6222710013
6886,3,3,1705,2,93,Suburb,Good,495874.13249432074
6687,3,3,1170,2,45,Rural,Excellent,387672.8383022228
5771,1,2,1720,1,58,Downtown,Average,441864.8230052169
7212,2,2,1650,1,34,Downtown,Average,436471.26408369676
6735,4,1,1599,1,77,Suburb,Average,409414.41563342843
8219,2,1,3105,2,50,Downtown,Poor,616477.9067092766
7210,3,1,1590,2,94,Downtown,Poor,426103.6130934194
6776,2,3,2101,1,67,Rural,Good,478404.86919927236
9629,1,2,1924,1,97,Downtown,Excellent,582797.7312002567
5624,5,3,2124,1,54,Suburb,Excellent,621946.0206780888
8366,5,2,929,1,99,Suburb,Average,335047.46274031705
6688,2,2,2509,2,59,Rural,Good,555440.2915113526
8948,1,3,1725,2,19,Rural,Poor,348640.72123223584
10270,5,3,1645,1,4,Downtown,Average,485060.82172648783
6893,2,3,1586,2,75,Downtown,Excellent,518940.208340869
8382,2,2,1240,2,50,Rural,Poor,277157.9597031615
7857,4,2,3009,1,37,Suburb,Excellent,744083.6435717854
5901,1,3,1733,2,78,Rural,Average,343241.76880793576
7981,4,2,2517,1,47,Suburb,Poor,534886.0579594191
8078,2,2,2215,2,76,Suburb,Poor,445456.20210250793
8325,4,3,2698,2,42,Rural,Good,588606.3437488775
7103,4,2,1847,1,49,Suburb,Good,482237.9901530287
7688,2,1,2971,1,28,Suburb,Poor,580179.4787596909
5204,5,3,2227,2,84,Downtown,Average,548668.9652928399
6783,3,1,1214,2,96,Downtown,Good,437724.9002732099
